dataset,split_role,scorer,variant,hyperparams,protocol,auroc,auroc_ci_low,auroc_ci_high,fpr95,seed,repo_commit,openood_commit,timestamp
cifar100+tin,near_ood,marginal_diagonal,,{},standard,72.43619662954802,71.80914269834653,72.99581785069175,75.36473530637767,20260909,0703028,8d44375e4c695d03d2b97850b754f24fd4bda447,2026-09-10
mnist+svhn+texture+places365,far_ood,marginal_diagonal,,{},standard,53.41316160132749,52.960212651698356,53.85482405871718,84.344655760702,20260909,0703028,8d44375e4c695d03d2b97850b754f24fd4bda447,2026-09-10
cifar100+tin,near_ood,marginal_diagonal,,{},full_spectrum,83.83859007215871,83.17170992201784,84.49371766540253,59.59626034657298,20260909,0703028,8d44375e4c695d03d2b97850b754f24fd4bda447,2026-09-10
mnist+svhn+texture+places365,far_ood,marginal_diagonal,,{},full_spectrum,67.84836398812179,67.15350532668278,68.50285530744034,76.45378360013736,20260909,0703028,8d44375e4c695d03d2b97850b754f24fd4bda447,2026-09-10
cifar100+tin,near_ood,marginal_full,,{},standard,97.75648550652718,97.62364673276564,97.90408070161509,10.790210206633716,20260909,0703028,8d44375e4c695d03d2b97850b754f24fd4bda447,2026-09-10
mnist+svhn+texture+places365,far_ood,marginal_full,,{},standard,97.37985854881016,97.27875781679374,97.48409592280585,10.250096809311229,20260909,0703028,8d44375e4c695d03d2b97850b754f24fd4bda447,2026-09-10
cifar100+tin,near_ood,marginal_full,,{},full_spectrum,96.93317275804122,96.72733935065585,97.14381180166257,13.714047519799916,20260909,0703028,8d44375e4c695d03d2b97850b754f24fd4bda447,2026-09-10
mnist+svhn+texture+places365,far_ood,marginal_full,,{},full_spectrum,96.52504697095418,96.35755444491193,96.69191009562594,12.844586350252435,20260909,0703028,8d44375e4c695d03d2b97850b754f24fd4bda447,2026-09-10
cifar100+tin,near_ood,class_conditional_diagonal,,{},standard,96.11546907772419,95.89742435670946,96.3335284956695,20.270350741380337,20260909,0703028,8d44375e4c695d03d2b97850b754f24fd4bda447,2026-09-10
mnist+svhn+texture+places365,far_ood,class_conditional_diagonal,,{},standard,90.75225202406554,90.47762230851849,90.98579759709953,31.96533861339841,20260909,0703028,8d44375e4c695d03d2b97850b754f24fd4bda447,2026-09-10
cifar100+tin,near_ood,class_conditional_diagonal,,{},full_spectrum,97.16617988477529,96.91964097905569,97.39636907808881,13.612814863335915,20260909,0703028,8d44375e4c695d03d2b97850b754f24fd4bda447,2026-09-10
mnist+svhn+texture+places365,far_ood,class_conditional_diagonal,,{},full_spectrum,92.0870405475122,91.7597211208588,92.4085609360835,24.783914310973426,20260909,0703028,8d44375e4c695d03d2b97850b754f24fd4bda447,2026-09-10
cifar100+tin,near_ood,class_conditional_full,,{},standard,98.1054318267532,97.98258645301944,98.23747561814777,9.247900911093907,20260909,0703028,8d44375e4c695d03d2b97850b754f24fd4bda447,2026-09-10
mnist+svhn+texture+places365,far_ood,class_conditional_full,,{},standard,98.08187737811971,97.99545665581266,98.17522939950625,8.140019142671353,20260909,0703028,8d44375e4c695d03d2b97850b754f24fd4bda447,2026-09-10
cifar100+tin,near_ood,class_conditional_full,,{},full_spectrum,97.17366387312474,96.98604686129218,97.36591132486099,12.999464062406954,20260909,0703028,8d44375e4c695d03d2b97850b754f24fd4bda447,2026-09-10
mnist+svhn+texture+places365,far_ood,class_conditional_full,,{},full_spectrum,97.18319675259272,97.03502462713747,97.33194895459512,11.319748368854436,20260909,0703028,8d44375e4c695d03d2b97850b754f24fd4bda447,2026-09-10
cifar100+tin,near_ood,rmd,,{},standard,97.46163844723661,97.26998157300991,97.67248310307866,9.587328053355565,20260909,0703028,8d44375e4c695d03d2b97850b754f24fd4bda447,2026-09-10
mnist+svhn+texture+places365,far_ood,rmd,,{},standard,98.81852877448748,98.68798856229446,98.93960126741045,1.8952705911578394,20260909,0703028,8d44375e4c695d03d2b97850b754f24fd4bda447,2026-09-10
cifar100+tin,near_ood,rmd,,{},full_spectrum,86.88072630217667,86.3353453038059,87.41342101912994,78.02655868516644,20260909,0703028,8d44375e4c695d03d2b97850b754f24fd4bda447,2026-09-10
mnist+svhn+texture+places365,far_ood,rmd,,{},full_spectrum,91.67416052759846,91.29926850538911,92.04429360395203,64.35956074144973,20260909,0703028,8d44375e4c695d03d2b97850b754f24fd4bda447,2026-09-10
cifar100+tin,near_ood,rmd_pp,,{},standard,97.58218669154476,97.38736097878085,97.78951682910207,9.057345322455786,20260909,0703028,8d44375e4c695d03d2b97850b754f24fd4bda447,2026-09-10
mnist+svhn+texture+places365,far_ood,rmd_pp,,{},standard,98.74997032804758,98.61684234816768,98.88210714903276,1.980024403252793,20260909,0703028,8d44375e4c695d03d2b97850b754f24fd4bda447,2026-09-10
cifar100+tin,near_ood,rmd_pp,,{},full_spectrum,87.98363673168701,87.47031393427707,88.48065876347853,74.35836360388257,20260909,0703028,8d44375e4c695d03d2b97850b754f24fd4bda447,2026-09-10
mnist+svhn+texture+places365,far_ood,rmd_pp,,{},full_spectrum,91.8892429059235,91.51472550565362,92.25718855396396,63.16643164531991,20260909,0703028,8d44375e4c695d03d2b97850b754f24fd4bda447,2026-09-10
cifar100+tin,near_ood,knn_normalized,,{},standard,98.20860907653322,98.08009534395946,98.3290201770579,8.741737628773894,20260909,0703028,8d44375e4c695d03d2b97850b754f24fd4bda447,2026-09-10
mnist+svhn+texture+places365,far_ood,knn_normalized,,{},standard,98.74220707369604,98.62606418193494,98.85271151718254,5.9663761169602605,20260909,0703028,8d44375e4c695d03d2b97850b754f24fd4bda447,2026-09-10
cifar100+tin,near_ood,knn_normalized,,{},full_spectrum,96.30535988153196,96.07414817089102,96.53382785676044,16.530697314357173,20260909,0703028,8d44375e4c695d03d2b97850b754f24fd4bda447,2026-09-10
mnist+svhn+texture+places365,far_ood,knn_normalized,,{},full_spectrum,97.23931768126548,97.04469981440177,97.4196360725833,14.302205791023404,20260909,0703028,8d44375e4c695d03d2b97850b754f24fd4bda447,2026-09-10
cifar100+tin,near_ood,knn_unnormalized,,{},standard,97.19312709660771,97.01390198131496,97.3687759780861,13.541356517596617,20260909,0703028,8d44375e4c695d03d2b97850b754f24fd4bda447,2026-09-10
mnist+svhn+texture+places365,far_ood,knn_unnormalized,,{},standard,91.87794265803866,91.60924796619265,92.15713959334406,36.3842270233146,20260909,0703028,8d44375e4c695d03d2b97850b754f24fd4bda447,2026-09-10
cifar100+tin,near_ood,knn_unnormalized,,{},full_spectrum,96.82530672221542,96.55923824398045,97.08294751932888,13.880783659858272,20260909,0703028,8d44375e4c695d03d2b97850b754f24fd4bda447,2026-09-10
mnist+svhn+texture+places365,far_ood,knn_unnormalized,,{},full_spectrum,90.02763136025227,89.5486082686365,90.49372982894516,37.31067386586979,20260909,0703028,8d44375e4c695d03d2b97850b754f24fd4bda447,2026-09-10
cifar100+tin,near_ood,pca_residual_all_id,,{},standard,97.37317103025732,97.2160457234165,97.54108636535065,12.386113261477997,20260909,0703028,8d44375e4c695d03d2b97850b754f24fd4bda447,2026-09-10
mnist+svhn+texture+places365,far_ood,pca_residual_all_id,,{},standard,98.92242688157116,98.84274099632815,99.00076140421805,5.1400264490344645,20260909,0703028,8d44375e4c695d03d2b97850b754f24fd4bda447,2026-09-10
cifar100+tin,near_ood,pca_residual_all_id,,{},full_spectrum,95.33963756611676,95.08772882057906,95.59383102252762,19.770142321205263,20260909,0703028,8d44375e4c695d03d2b97850b754f24fd4bda447,2026-09-10
mnist+svhn+texture+places365,far_ood,pca_residual_all_id,,{},full_spectrum,97.8559042927089,97.72263156309059,97.98735413257398,10.29758816953685,20260909,0703028,8d44375e4c695d03d2b97850b754f24fd4bda447,2026-09-10
cifar100+tin,near_ood,pca_residual_class_mean,,{},standard,93.36604570687523,93.05426136551606,93.65700372840536,33.22217590662776,20260909,0703028,8d44375e4c695d03d2b97850b754f24fd4bda447,2026-09-10
mnist+svhn+texture+places365,far_ood,pca_residual_class_mean,,{},standard,83.93990475749776,83.57753423234072,84.27832367878631,56.519102486355365,20260909,0703028,8d44375e4c695d03d2b97850b754f24fd4bda447,2026-09-10
cifar100+tin,near_ood,pca_residual_class_mean,,{},full_spectrum,95.67806017182212,95.34481854868984,96.02168720090813,21.07425713094742,20260909,0703028,8d44375e4c695d03d2b97850b754f24fd4bda447,2026-09-10
mnist+svhn+texture+places365,far_ood,pca_residual_class_mean,,{},full_spectrum,87.32727744737547,86.83629858734882,87.79429698900174,40.45460191280586,20260909,0703028,8d44375e4c695d03d2b97850b754f24fd4bda447,2026-09-10
cifar100+tin,near_ood,pca_residual_all_id_l2,,{},standard,97.37858796985518,97.22186396282842,97.54599504092315,12.785089025189066,20260909,0703028,8d44375e4c695d03d2b97850b754f24fd4bda447,2026-09-10
mnist+svhn+texture+places365,far_ood,pca_residual_all_id_l2,,{},standard,99.60354740165432,99.54374534726738,99.65803168607317,1.207011186041924,20260909,0703028,8d44375e4c695d03d2b97850b754f24fd4bda447,2026-09-10
cifar100+tin,near_ood,pca_residual_all_id_l2,,{},full_spectrum,93.94618945000668,93.65615493750978,94.26040515632383,24.71863276365152,20260909,0703028,8d44375e4c695d03d2b97850b754f24fd4bda447,2026-09-10
mnist+svhn+texture+places365,far_ood,pca_residual_all_id_l2,,{},full_spectrum,98.6359503393392,98.51957837621735,98.7489096276511,7.093747945085376,20260909,0703028,8d44375e4c695d03d2b97850b754f24fd4bda447,2026-09-10
cifar100+tin,near_ood,pca_residual_class_mean_l2,,{},standard,97.21147402687627,97.02921488450875,97.38657766628953,16.16745072351575,20260909,0703028,8d44375e4c695d03d2b97850b754f24fd4bda447,2026-09-10
mnist+svhn+texture+places365,far_ood,pca_residual_class_mean_l2,,{},standard,98.21665729016735,98.06046744081644,98.35387579223301,9.4902350457013,20260909,0703028,8d44375e4c695d03d2b97850b754f24fd4bda447,2026-09-10
cifar100+tin,near_ood,pca_residual_class_mean_l2,,{},full_spectrum,96.41557966088745,96.17952231135072,96.63965367907052,18.811409515869705,20260909,0703028,8d44375e4c695d03d2b97850b754f24fd4bda447,2026-09-10
mnist+svhn+texture+places365,far_ood,pca_residual_class_mean_l2,,{},full_spectrum,97.86435883470034,97.69160296954735,98.0267618433886,11.419114907172656,20260909,0703028,8d44375e4c695d03d2b97850b754f24fd4bda447,2026-09-10
cifar100+tin,near_ood,pca_residual_class_mean_whitened,,{},standard,97.80833713782859,97.67773391856394,97.95363722152749,10.63538379086524,20260909,0703028,8d44375e4c695d03d2b97850b754f24fd4bda447,2026-09-10
mnist+svhn+texture+places365,far_ood,pca_residual_class_mean_whitened,,{},standard,97.49398653843187,97.39621773936254,97.59639079869102,9.875280381684409,20260909,0703028,8d44375e4c695d03d2b97850b754f24fd4bda447,2026-09-10
cifar100+tin,near_ood,pca_residual_class_mean_whitened,,{},full_spectrum,96.96755965255065,96.76296071378701,97.17810798758832,13.660453760495445,20260909,0703028,8d44375e4c695d03d2b97850b754f24fd4bda447,2026-09-10
mnist+svhn+texture+places365,far_ood,pca_residual_class_mean_whitened,,{},full_spectrum,96.63152062924053,96.46648898410666,96.79389075111527,12.58959427765641,20260909,0703028,8d44375e4c695d03d2b97850b754f24fd4bda447,2026-09-10
